test#,suspend_prepare,suspend,suspend_late,suspend_noirq,suspend_machine,resume_machine,resume_noirq,resume_early,resume,resume_complete
test 1,231.7459999999869,45.973000000003594,4.879999999985785,3.4369999999910306,319.0370000000087,179.41999999999325,2.674000000013166,2.7859999999861884,272.99600000000623,424.9580000000037
test 2,234.93799999999965,49.33800000000588,4.585000000020045,3.5619999999880747,280.31000000001427,171.33000000001175,2.6029999999934716,3.299999999995862,271.6519999999889,396.40099999999734
test 3,232.92400000002544,47.75399999999763,5.081000000018321,3.6529999999856955,259.3650000000025,183.48100000002887,2.606000000014319,3.038000000003649,278.6580000000072,387.66899999995985
test 4,229.0909999999826,48.17000000002736,4.031999999995151,3.56299999998555,264.1060000000266,179.43500000001222,3.977999999960957,3.306999999949767,278.2709999999611,384.2999999999961
test 5,230.03499999998667,47.13200000003326,4.601999999977124,3.5969999999565516,251.83500000002823,179.44699999998193,3.8289999999960855,3.3950000000118052,279.7160000000076,383.19400000000314
