test#,suspend_prepare,suspend,suspend_late,suspend_noirq,suspend_machine,resume_machine,resume_noirq,resume_early,resume,resume_complete
test 1,242.88000000001375,45.41100000000142,4.9640000000295,3.4699999999929787,0.0019999999949504854,0.008999999977277184,2.9870000000187247,3.2929999999851134,284.163000000035,1149.479000000042
test 2,226.65699999998878,45.18000000001621,4.810000000020409,3.5530000000107975,0.0019999999949504854,0.007999999979801942,2.7259999999955653,3.284000000007836,277.89300000000594,1098.1140000000096
test 3,236.03099999996857,48.10299999996914,4.905000000007931,3.48100000002205,0.0019999999949504854,0.00800000003664536,2.8269999999679385,3.459000000020751,278.8550000000214,1045.34799999999
test 4,235.9339999999861,48.37500000002137,4.926000000011754,3.5290000000145483,0.002999999992425728,0.008999999977277184,2.7840000000196596,3.2630000000040127,276.8300000000181,1610.8729999999696
test 5,231.1109999999985,49.03799999999592,4.948000000013053,3.6299999999869215,0.003000000049269147,0.008999999977277184,2.8210000000399305,3.44799999999168,277.31299999999237,1069.1090000000258
