test#,suspend_prepare,suspend,suspend_late,suspend_noirq,suspend_machine,resume_machine,resume_noirq,resume_early,resume,resume_complete
test 1,237.45600000000877,46.011999999990394,4.384999999984984,3.507999999982303,278.34300000000667,171.29400000001738,2.63599999999542,3.1749999999988177,276.91099999998414,798.5429999999951
test 2,233.6609999999837,49.018999999987045,5.0420000000031,3.5660000000063974,267.0039999999858,171.4640000000145,2.6479999999935444,3.246000000018512,280.887000000007,1263.4439999999927
test 3,232.20000000000596,47.11799999998334,5.112999999994372,3.5620000000164964,335.52599999998733,171.3579999999979,3.7959999999941374,3.5900000000026466,272.88899999999217,696.3879999999847
test 4,236.41800000001467,47.508000000021866,4.940000000004829,3.4600000000182263,255.08599999997728,167.45800000001054,2.632000000005519,3.084000000001197,272.7599999999768,1439.456000000007
test 5,235.21800000003168,48.14299999998184,5.016999999952532,3.609999999980573,267.45399999998654,171.50700000001962,2.6199999999789725,3.0510000000276705,274.3370000000027,845.0290000000109
