test#,suspend_prepare,suspend,suspend_late,suspend_noirq,suspend_machine,resume_machine,resume_noirq,resume_early,resume,resume_complete
test 1,236.83699999997998,48.9469999999983,5.33500000000231,3.7550000000123873,0.002999999992425728,0.008999999977277184,3.0250000000364707,3.0489999999758766,282.8890000000115,139.54499999999825
test 2,232.05100000001266,48.800000000028376,5.359999999996035,3.707000000019889,0.002999999992425728,0.009000000034120603,2.8609999999957836,3.582999999991898,276.64299999997866,140.24700000004486
test 3,237.21399999999448,47.55499999998847,5.195000000014716,3.9920000000392974,0.002999999992425728,0.009000000034120603,2.7779999999779648,4.34699999999566,271.7219999999543,139.55600000002732
test 4,231.02599999998574,46.584999999993215,5.048000000044794,3.544999999974152,0.002999999992425728,0.009000000034120603,2.75099999998929,3.24599999999009,281.234999999981,141.79300000000694
test 5,231.94900000004282,45.56600000000799,5.261000000018612,3.617999999960375,0.00400000004674439,0.008999999977277184,2.6040000000193686,3.9580000000114524,272.55000000002383,140.98100000001068
